Manufacturer,Length,Cargo Capacity,Hyperdrive Multiplier,Speed,Hull,Special Features,Shields,Onboard Craft,LASER CANNONS,TURBOLASER CANNONS,ION LAUNCHER,GENERAL PURPOSE LAUNCHER,TURBOLASER TURRETS,BLASTER CANNONS,LASER TURRETS,TRACTOR BEAM PROJECTORS,TURBOLASER BATTERIES,ION CANNONS,TORPEDO LAUNCHER,GRAVITY WELL PROJECTORS,SUPERLASERS,BLASTER TURRETS,TORPEDO,ORBITAL MINE,THERMAL DETONATOR LAUNCHER,TURBOLASER,ION TURRETS,SPACE BOMB,ION BATTERIES,HULL-CUTTING AIRLOCKS,EMP CANNONS,TORPEDO TUBES,Ship Type
3.0,40.0,15000.0,-1.0,35.0,45.0,1.0,-1.0,0.0,0.0,0.0,0.0,0.0,0.0,0.0,0.0,0.0,0.0,0.0,0.0,0.0,0.0,0.0,0.0,0.0,0.0,0.0,0.0,0.0,0.0,0.0,0.0,0.0,Landing Craft
18.0,7.8,150.0,-1.0,110.0,14.0,0.0,24.0,0.0,2.0,0.0,0.0,0.0,0.0,0.0,0.0,0.0,0.0,0.0,0.0,0.0,0.0,0.0,0.0,0.0,0.0,0.0,0.0,0.0,0.0,0.0,0.0,0.0,TIE Fighters
8.0,298.0,100000000.0,2.0,18.0,228.0,1.0,320.0,0.0,0.0,10.0,1.0,0.0,0.0,0.0,0.0,0.0,0.0,0.0,0.0,0.0,0.0,0.0,0.0,0.0,0.0,0.0,0.0,0.0,0.0,0.0,0.0,0.0,Medium Ships
8.0,7.4,55.0,-1.0,115.0,16.0,0.0,-1.0,0.0,2.0,0.0,0.0,0.0,0.0,0.0,0.0,0.0,0.0,0.0,0.0,0.0,0.0,0.0,0.0,0.0,0.0,0.0,0.0,0.0,0.0,0.0,0.0,0.0,Other Starfighters
18.0,6.3,65.0,-1.0,75.0,9.0,0.0,-1.0,0.0,1.0,0.0,1.0,1.0,0.0,0.0,0.0,0.0,0.0,0.0,0.0,0.0,0.0,0.0,0.0,0.0,0.0,0.0,0.0,0.0,0.0,0.0,0.0,0.0,TIE Bombers
12.0,345.0,2000000.0,0.5,26.0,423.0,0.0,900.0,0.0,0.0,10.0,0.0,0.0,120.0,0.0,0.0,0.0,0.0,0.0,0.0,0.0,0.0,0.0,0.0,0.0,0.0,0.0,0.0,0.0,0.0,0.0,0.0,0.0,Medium Ships
3.0,20.0,40000.0,1.0,67.0,25.0,1.0,100.0,0.0,4.0,0.0,0.0,0.0,0.0,6.0,0.0,0.0,0.0,0.0,0.0,0.0,0.0,0.0,0.0,0.0,0.0,0.0,0.0,0.0,0.0,0.0,0.0,0.0,Shuttles
22.0,2.1,-1.0,-1.0,90.0,16.0,0.0,-1.0,0.0,4.0,0.0,2.0,0.0,0.0,0.0,0.0,0.0,0.0,0.0,0.0,0.0,0.0,0.0,0.0,0.0,0.0,0.0,0.0,0.0,0.0,0.0,0.0,0.0,TIE Fighters
20.0,7.0,65.0,-1.0,100.0,10.0,0.0,-1.0,0.0,0.0,0.0,0.0,0.0,0.0,0.0,2.0,0.0,0.0,0.0,0.0,0.0,0.0,0.0,0.0,0.0,0.0,0.0,0.0,0.0,0.0,0.0,0.0,0.0,TIE Experimental Craft
28.0,29.0,5000.0,2.0,67.0,85.0,0.0,180.0,0.0,0.0,0.0,1.0,0.0,0.0,0.0,4.0,1.0,0.0,0.0,0.0,0.0,0.0,0.0,0.0,0.0,0.0,0.0,0.0,0.0,0.0,0.0,0.0,0.0,Shuttles
18.0,38.0,100000.0,1.0,87.0,106.0,0.0,145.0,0.0,4.0,0.0,0.0,0.0,0.0,0.0,3.0,0.0,0.0,0.0,0.0,0.0,0.0,0.0,0.0,0.0,0.0,0.0,0.0,0.0,0.0,0.0,0.0,0.0,Patrol Craft
3.0,15.0,40.0,1.0,122.0,19.0,1.0,120.0,0.0,1.0,0.0,2.0,2.0,0.0,0.0,0.0,0.0,0.0,0.0,0.0,0.0,0.0,0.0,0.0,0.0,0.0,0.0,0.0,0.0,0.0,0.0,0.0,0.0,Other Starfighters
13.0,898.0,8100000.0,1.0,8.0,1520.0,0.0,3200.0,1.0,0.0,0.0,80.0,0.0,0.0,0.0,0.0,10.0,120.0,0.0,0.0,0.0,0.0,0.0,0.0,0.0,0.0,0.0,0.0,0.0,0.0,0.0,0.0,0.0,Heavy Ships
18.0,9.2,100.0,1.0,144.0,14.0,0.0,100.0,0.0,4.0,0.0,0.0,2.0,0.0,0.0,0.0,0.0,0.0,2.0,0.0,0.0,0.0,0.0,0.0,0.0,0.0,0.0,0.0,0.0,0.0,0.0,0.0,0.0,TIE Fighters
1.0,5.0,50.0,-1.0,110.0,7.0,1.0,10.0,0.0,2.0,0.0,0.0,0.0,0.0,0.0,0.0,0.0,0.0,0.0,0.0,0.0,0.0,0.0,0.0,0.0,0.0,0.0,0.0,0.0,0.0,0.0,0.0,0.0,Other Starfighters
18.0,6.3,65.0,-1.0,80.0,9.0,0.0,-1.0,0.0,1.0,0.0,0.0,0.0,0.0,0.0,0.0,0.0,0.0,0.0,0.0,0.0,0.0,0.0,0.0,0.0,0.0,0.0,0.0,0.0,0.0,0.0,0.0,0.0,TIE Support Craft
18.0,6.1,-1.0,-1.0,111.0,16.0,0.0,-1.0,0.0,2.0,0.0,0.0,0.0,0.0,0.0,0.0,0.0,0.0,0.0,0.0,0.0,0.0,0.0,0.0,0.0,0.0,0.0,0.0,0.0,0.0,0.0,0.0,0.0,TIE Fighters
11.0,52.5,200000.0,-1.0,55.0,45.0,0.0,12.0,0.0,1.0,0.0,0.0,0.0,0.0,0.0,0.0,0.0,0.0,0.0,0.0,0.0,0.0,0.0,0.0,0.0,0.0,0.0,0.0,0.0,0.0,0.0,0.0,0.0,Landing Craft
29.0,44.0,400000.0,2.0,67.0,142.0,0.0,200.0,0.0,0.0,0.0,0.0,0.0,8.0,0.0,0.0,0.0,0.0,10.0,2.0,0.0,0.0,0.0,0.0,0.0,0.0,0.0,0.0,0.0,0.0,0.0,0.0,0.0,Transporters
8.0,16000.0,600000000.0,2.0,6.0,77710.0,1.0,136000.0,1.0,5000.0,0.0,0.0,0.0,0.0,0.0,0.0,100.0,5500.0,75.0,0.0,10.0,1.0,0.0,0.0,0.0,0.0,0.0,0.0,0.0,0.0,0.0,0.0,0.0,Command Ships
20.0,6.6,75.0,-1.0,102.0,16.0,0.0,-1.0,0.0,4.0,0.0,2.0,0.0,0.0,0.0,0.0,0.0,0.0,0.0,0.0,0.0,0.0,0.0,0.0,0.0,0.0,0.0,0.0,0.0,0.0,0.0,0.0,0.0,TIE Experimental Craft
13.0,600.0,9000000.0,2.0,12.0,1056.0,0.0,1920.0,1.0,0.0,90.0,0.0,0.0,0.0,0.0,0.0,0.0,10.0,0.0,0.0,0.0,0.0,0.0,0.0,0.0,0.0,0.0,0.0,0.0,0.0,0.0,0.0,0.0,Heavy Ships
17.0,7.8,150.0,4.0,95.0,15.0,0.0,21.0,0.0,10.0,0.0,2.0,0.0,0.0,0.0,0.0,0.0,0.0,0.0,0.0,0.0,0.0,2.0,0.0,0.0,0.0,0.0,0.0,0.0,0.0,0.0,0.0,0.0,TIE Fighters
18.0,13.8,200.0,-1.0,90.0,34.0,0.0,30.0,0.0,2.0,0.0,16.0,0.0,0.0,0.0,0.0,0.0,0.0,0.0,0.0,0.0,0.0,0.0,1.0,1.0,1.0,0.0,0.0,0.0,0.0,0.0,0.0,0.0,TIE Bombers
14.0,6.3,45.0,-1.0,90.0,9.0,0.0,-1.0,0.0,0.0,0.0,0.0,0.0,0.0,2.0,0.0,0.0,0.0,0.0,0.0,0.0,0.0,0.0,0.0,0.0,0.0,0.0,0.0,0.0,0.0,0.0,0.0,0.0,TIE Fighters
18.0,6.3,65.0,-1.0,100.0,9.0,0.0,-1.0,0.0,1.0,0.0,0.0,0.0,0.0,0.0,0.0,0.0,0.0,0.0,0.0,0.0,0.0,0.0,0.0,0.0,0.0,0.0,0.0,0.0,0.0,0.0,0.0,0.0,TIE Support Craft
2.0,153.0,500000.0,2.0,22.0,228.0,0.0,400.0,1.0,0.0,8.0,0.0,0.0,0.0,0.0,0.0,2.0,0.0,0.0,0.0,0.0,0.0,0.0,0.0,0.0,0.0,0.0,0.0,0.0,0.0,0.0,0.0,0.0,Medium Ships
8.0,501.0,500000.0,1.0,12.0,912.0,0.0,1600.0,1.0,20.0,0.0,0.0,0.0,0.0,0.0,0.0,0.0,0.0,0.0,0.0,0.0,0.0,0.0,0.0,0.0,0.0,0.0,0.0,0.0,0.0,0.0,0.0,0.0,Heavy Ships
8.0,1600.0,20000000.0,1.0,10.0,2272.0,1.0,3840.0,1.0,20.0,0.0,0.0,0.0,0.0,0.0,0.0,6.0,40.0,40.0,0.0,4.0,0.0,0.0,0.0,0.0,0.0,0.0,0.0,0.0,0.0,0.0,0.0,0.0,Heavy Ships
27.0,1150.0,-1.0,3.0,6.0,994.0,0.0,1920.0,1.0,0.0,0.0,0.0,0.0,0.0,0.0,0.0,0.0,0.0,0.0,0.0,0.0,0.0,0.0,0.0,0.0,0.0,75.0,0.0,0.0,0.0,0.0,0.0,0.0,Heavy Ships
8.0,300.0,6000000.0,2.0,16.0,448.0,0.0,960.0,1.0,12.0,0.0,0.0,0.0,0.0,0.0,0.0,2.0,12.0,0.0,0.0,0.0,0.0,0.0,0.0,0.0,0.0,0.0,0.0,0.0,0.0,0.0,0.0,0.0,Medium Ships
18.0,7.8,17000.0,-1.0,90.0,28.0,0.0,-1.0,0.0,1.0,0.0,0.0,0.0,0.0,0.0,0.0,0.0,0.0,0.0,0.0,0.0,0.0,0.0,0.0,0.0,0.0,0.0,0.0,0.0,0.0,0.0,0.0,0.0,TIE Support Craft
20.0,14.3,1000.0,1.0,145.0,20.0,1.0,80.0,0.0,10.0,0.0,0.0,0.0,0.0,0.0,0.0,0.0,0.0,0.0,0.0,0.0,0.0,0.0,0.0,0.0,0.0,0.0,0.0,0.0,0.0,0.0,0.0,0.0,TIE Fighters
22.0,2.1,65.0,-1.0,90.0,16.0,0.0,-1.0,0.0,4.0,0.0,2.0,0.0,0.0,0.0,0.0,0.0,0.0,0.0,0.0,0.0,0.0,0.0,0.0,0.0,0.0,0.0,0.0,0.0,0.0,0.0,0.0,0.0,TIE Fighters
28.0,20.0,100000.0,2.0,55.0,40.0,0.0,80.0,0.0,8.0,0.0,0.0,0.0,0.0,0.0,0.0,0.0,0.0,4.0,2.0,0.0,0.0,0.0,0.0,0.0,0.0,0.0,0.0,0.0,0.0,0.0,0.0,0.0,Transporters
17.0,4.3,45.0,-1.0,120.0,9.0,0.0,-1.0,0.0,0.0,0.0,1.0,0.0,0.0,10.0,0.0,0.0,0.0,0.0,0.0,0.0,0.0,0.0,0.0,0.0,0.0,0.0,0.0,0.0,0.0,0.0,0.0,0.0,TIE Fighters
11.0,50.0,20000000.0,-1.0,20.0,45.0,0.0,-1.0,0.0,0.0,0.0,0.0,0.0,0.0,0.0,0.0,0.0,0.0,0.0,0.0,0.0,0.0,0.0,0.0,0.0,0.0,0.0,0.0,0.0,0.0,0.0,0.0,0.0,Landing Craft
3.0,15.0,50.0,1.0,90.0,28.0,1.0,100.0,0.0,2.0,0.0,2.0,0.0,0.0,0.0,0.0,0.0,0.0,2.0,0.0,0.0,0.0,0.0,0.0,0.0,0.0,0.0,0.0,0.0,0.0,0.0,0.0,0.0,Other Starfighters
18.0,7.8,60000.0,-1.0,80.0,38.0,0.0,-1.0,0.0,2.0,0.0,8.0,0.0,0.0,0.0,0.0,0.0,0.0,0.0,0.0,0.0,0.0,0.0,4.0,1.0,1.0,0.0,0.0,0.0,0.0,0.0,0.0,0.0,TIE Bombers
26.0,21.0,15.0,3.0,100.0,18.0,0.0,46.0,0.0,2.0,0.0,2.0,0.0,0.0,0.0,0.0,0.0,0.0,0.0,0.0,0.0,0.0,0.0,0.0,0.0,0.0,0.0,0.0,0.0,0.0,0.0,0.0,0.0,Other Starfighters
20.0,8.4,65.0,-1.0,133.0,11.0,0.0,-1.0,0.0,2.0,0.0,0.0,0.0,0.0,0.0,0.0,0.0,0.0,0.0,0.0,0.0,0.0,0.0,0.0,0.0,0.0,0.0,0.0,0.0,0.0,0.0,0.0,0.0,TIE Experimental Craft
8.0,1600.0,36000000.0,2.0,10.0,2272.0,0.0,4800.0,1.0,0.0,0.0,0.0,0.0,0.0,0.0,0.0,10.0,60.0,60.0,0.0,0.0,0.0,0.0,0.0,0.0,0.0,0.0,0.0,0.0,0.0,0.0,0.0,0.0,Heavy Ships
3.0,38.0,180000.0,1.0,71.0,28.0,1.0,120.0,0.0,4.0,0.0,2.0,0.0,0.0,0.0,0.0,0.0,0.0,0.0,0.0,0.0,0.0,2.0,0.0,0.0,0.0,0.0,1.0,0.0,0.0,0.0,0.0,0.0,Landing Craft
18.0,7.8,30000.0,-1.0,80.0,33.0,0.0,-1.0,0.0,2.0,0.0,4.0,0.0,0.0,0.0,0.0,0.0,0.0,0.0,0.0,0.0,0.0,0.0,2.0,1.0,1.0,0.0,0.0,0.0,0.0,0.0,0.0,0.0,TIE Bombers
20.0,8.7,-1.0,-1.0,144.0,38.0,0.0,-1.0,0.0,0.0,0.0,0.0,0.0,0.0,0.0,0.0,0.0,0.0,0.0,0.0,0.0,0.0,0.0,0.0,0.0,0.0,0.0,0.0,1.0,0.0,0.0,0.0,0.0,TIE Experimental Craft
13.0,35.0,100000.0,2.0,70.0,74.0,0.0,200.0,0.0,0.0,0.0,0.0,0.0,0.0,0.0,60.0,0.0,0.0,0.0,0.0,0.0,0.0,0.0,0.0,0.0,0.0,0.0,0.0,0.0,0.0,0.0,0.0,0.0,Patrol Craft
8.0,1600.0,36000000.0,1.0,10.0,2272.0,0.0,5760.0,1.0,0.0,500.0,0.0,0.0,0.0,0.0,0.0,10.0,500.0,20.0,0.0,0.0,0.0,0.0,0.0,0.0,0.0,0.0,0.0,0.0,0.0,0.0,0.0,0.0,Heavy Ships
18.0,7.8,150.0,3.0,105.0,14.0,0.0,22.0,0.0,2.0,0.0,0.0,0.0,0.0,0.0,0.0,0.0,0.0,0.0,0.0,0.0,0.0,0.0,0.0,0.0,0.0,0.0,0.0,0.0,0.0,0.0,0.0,0.0,TIE Fighters
18.0,15.6,150.0,2.0,75.0,78.0,0.0,-1.0,0.0,0.0,0.0,0.0,0.0,1.0,0.0,0.0,0.0,0.0,0.0,0.0,0.0,0.0,0.0,0.0,0.0,2.0,0.0,0.0,0.0,0.0,0.0,0.0,0.0,TIE Bombers
13.0,180.0,500000.0,2.0,83.0,176.0,0.0,384.0,0.0,0.0,0.0,0.0,0.0,0.0,0.0,0.0,0.0,6.0,0.0,0.0,0.0,0.0,0.0,0.0,0.0,0.0,0.0,0.0,0.0,0.0,0.0,0.0,0.0,Medium Ships
18.0,7.8,15000.0,-1.0,80.0,28.0,0.0,-1.0,0.0,2.0,0.0,1.0,0.0,0.0,0.0,0.0,0.0,0.0,0.0,0.0,0.0,0.0,0.0,1.0,1.0,1.0,0.0,0.0,0.0,0.0,0.0,0.0,0.0,TIE Support Craft
18.0,9.2,150.0,3.0,90.0,20.0,0.0,28.0,0.0,2.0,0.0,3.0,0.0,0.0,0.0,0.0,0.0,0.0,0.0,0.0,0.0,0.0,0.0,0.0,0.0,0.0,0.0,0.0,0.0,0.0,0.0,0.0,0.0,TIE Fighters
18.0,7.8,15000.0,-1.0,80.0,28.0,0.0,-1.0,0.0,2.0,0.0,2.0,0.0,0.0,0.0,0.0,0.0,0.0,0.0,0.0,0.0,0.0,0.0,1.0,1.0,1.0,0.0,0.0,0.0,0.0,0.0,0.0,0.0,TIE Bombers
14.0,35.0,50000.0,1.0,71.0,25.0,0.0,60.0,0.0,0.0,0.0,0.0,0.0,0.0,4.0,0.0,0.0,0.0,0.0,0.0,0.0,0.0,2.0,0.0,0.0,0.0,0.0,0.0,0.0,0.0,0.0,0.0,0.0,Landing Craft
2.0,153.0,3000000.0,2.0,22.0,188.0,0.0,400.0,0.0,0.0,8.0,0.0,0.0,0.0,0.0,0.0,0.0,0.0,0.0,0.0,0.0,0.0,0.0,0.0,0.0,0.0,0.0,0.0,0.0,0.0,0.0,0.0,0.0,Medium Ships
24.0,100.0,500000.0,1.0,70.0,257.0,0.0,622.0,0.0,0.0,0.0,0.0,0.0,0.0,0.0,4.0,2.0,0.0,4.0,0.0,0.0,0.0,0.0,0.0,0.0,0.0,0.0,0.0,0.0,0.0,0.0,0.0,0.0,Medium Ships
2.0,119.0,300000.0,2.0,29.0,176.0,0.0,416.0,0.0,24.0,16.0,4.0,0.0,0.0,0.0,0.0,0.0,0.0,0.0,0.0,0.0,0.0,0.0,0.0,0.0,0.0,0.0,0.0,0.0,0.0,0.0,0.0,0.0,Medium Ships
5.0,353.0,3500000.0,1.0,16.0,480.0,0.0,880.0,1.0,20.0,0.0,0.0,0.0,0.0,0.0,0.0,5.0,100.0,0.0,0.0,0.0,0.0,0.0,0.0,0.0,0.0,0.0,0.0,0.0,0.0,0.0,0.0,0.0,Medium Ships
13.0,898.0,8100000.0,1.0,8.0,1360.0,0.0,2880.0,1.0,0.0,40.0,0.0,0.0,0.0,0.0,0.0,10.0,20.0,10.0,0.0,0.0,0.0,0.0,0.0,0.0,0.0,0.0,0.0,0.0,0.0,0.0,0.0,0.0,Heavy Ships
23.0,598.0,10000000.0,2.0,10.0,960.0,0.0,2240.0,1.0,40.0,0.0,0.0,0.0,0.0,0.0,0.0,4.0,10.0,0.0,0.0,0.0,0.0,0.0,0.0,0.0,0.0,0.0,0.0,0.0,6.0,0.0,0.0,0.0,Heavy Ships
18.0,7.8,500.0,-1.0,80.0,35.0,0.0,-1.0,0.0,1.0,0.0,0.0,0.0,0.0,0.0,0.0,0.0,0.0,0.0,0.0,0.0,0.0,0.0,0.0,0.0,0.0,0.0,0.0,0.0,0.0,0.0,0.0,0.0,TIE Support Craft
13.0,538.0,4050000.0,1.0,16.0,760.0,0.0,1600.0,1.0,0.0,60.0,0.0,4.0,0.0,0.0,0.0,10.0,0.0,0.0,0.0,0.0,0.0,0.0,0.0,0.0,0.0,0.0,0.0,0.0,0.0,0.0,0.0,0.0,Heavy Ships
28.0,18.0,100000.0,2.0,56.0,78.0,0.0,114.0,0.0,2.0,0.0,0.0,0.0,0.0,0.0,0.0,0.0,0.0,0.0,0.0,0.0,0.0,0.0,0.0,0.0,0.0,0.0,0.0,0.0,0.0,1.0,0.0,0.0,Transporters
12.0,230.0,2000000.0,1.0,39.0,353.0,0.0,300.0,0.0,0.0,0.0,0.0,0.0,0.0,0.0,0.0,0.0,0.0,0.0,0.0,0.0,0.0,0.0,0.0,0.0,0.0,0.0,0.0,0.0,0.0,0.0,0.0,0.0,Medium Ships
0.0,2.8,1000.0,-1.0,100.0,25.0,1.0,100.0,0.0,0.0,0.0,1.0,0.0,0.0,4.0,2.0,0.0,0.0,1.0,1.0,0.0,0.0,0.0,0.0,0.0,0.0,0.0,0.0,0.0,0.0,0.0,1.0,0.0,Other Starfighters
8.0,51.0,250000.0,1.0,70.0,106.0,0.0,145.0,0.0,2.0,0.0,0.0,0.0,0.0,0.0,2.0,0.0,0.0,0.0,1.0,0.0,0.0,0.0,0.0,0.0,0.0,0.0,0.0,0.0,0.0,0.0,0.0,0.0,Patrol Craft
17.0,6.7,45.0,-1.0,90.0,9.0,0.0,-1.0,0.0,0.0,1.0,0.0,0.0,0.0,10.0,0.0,0.0,0.0,0.0,0.0,0.0,0.0,0.0,0.0,0.0,0.0,0.0,0.0,0.0,0.0,0.0,0.0,0.0,TIE Fighters
18.0,25.0,20000.0,2.0,91.0,61.0,1.0,102.0,0.0,2.0,0.0,1.0,0.0,0.0,0.0,0.0,0.0,0.0,15.0,1.0,0.0,0.0,0.0,0.0,0.0,0.0,0.0,0.0,0.0,0.0,0.0,0.0,0.0,Patrol Craft
18.0,42.0,200000.0,1.0,75.0,88.0,0.0,120.0,0.0,2.0,0.0,0.0,0.0,0.0,0.0,2.0,0.0,0.0,0.0,0.0,0.0,0.0,0.0,0.0,0.0,0.0,0.0,0.0,0.0,0.0,0.0,0.0,0.0,Patrol Craft
25.0,14.3,1000.0,2.0,155.0,20.0,0.0,40.0,0.0,3.0,0.0,0.0,0.0,0.0,0.0,0.0,0.0,0.0,0.0,0.0,0.0,0.0,0.0,0.0,0.0,0.0,0.0,0.0,0.0,0.0,0.0,0.0,0.0,TIE Fighters
18.0,6.3,65.0,-1.0,100.0,9.0,0.0,-1.0,0.0,2.0,0.0,0.0,0.0,0.0,0.0,0.0,0.0,0.0,0.0,0.0,0.0,0.0,0.0,0.0,0.0,0.0,0.0,0.0,0.0,0.0,0.0,0.0,0.0,TIE Fighters
18.0,598.0,5500000.0,2.0,8.0,960.0,1.0,2240.0,1.0,80.0,0.0,0.0,0.0,0.0,0.0,0.0,0.0,0.0,0.0,0.0,4.0,0.0,0.0,0.0,0.0,0.0,0.0,0.0,0.0,0.0,0.0,0.0,0.0,Heavy Ships
21.0,15.0,110.0,2.0,87.0,23.0,0.0,68.0,0.0,4.0,0.0,2.0,0.0,0.0,0.0,0.0,0.0,0.0,2.0,0.0,0.0,0.0,0.0,0.0,0.0,0.0,0.0,0.0,0.0,0.0,0.0,0.0,0.0,Other Starfighters
13.0,764.0,1500000.0,2.0,4.0,960.0,0.0,995.0,0.0,0.0,0.0,0.0,0.0,0.0,0.0,0.0,2.0,40.0,0.0,0.0,0.0,0.0,0.0,0.0,0.0,0.0,0.0,0.0,0.0,0.0,0.0,0.0,0.0,Heavy Ships
18.0,7.8,150.0,4.0,100.0,14.0,0.0,20.0,0.0,2.0,0.0,0.0,0.0,0.0,0.0,0.0,0.0,0.0,0.0,0.0,0.0,0.0,0.0,0.0,0.0,0.0,0.0,0.0,0.0,0.0,0.0,0.0,0.0,TIE Fighters
9.0,450.0,6000000.0,2.0,16.0,752.0,0.0,1600.0,1.0,0.0,20.0,0.0,0.0,0.0,0.0,0.0,10.0,10.0,10.0,0.0,0.0,0.0,0.0,0.0,0.0,0.0,0.0,0.0,0.0,0.0,0.0,0.0,0.0,Medium Ships
10.0,10050.0,314844000.0,2.0,6.0,24276.0,0.0,51000.0,1.0,0.0,0.0,0.0,0.0,0.0,0.0,0.0,0.0,0.0,0.0,0.0,0.0,0.0,0.0,0.0,0.0,0.0,0.0,0.0,0.0,0.0,0.0,0.0,0.0,Command Ships
8.0,253.0,8500000.0,1.5,17.0,384.0,0.0,800.0,1.0,22.0,0.0,0.0,0.0,0.0,0.0,0.0,4.0,18.0,0.0,0.0,0.0,0.0,0.0,0.0,0.0,0.0,0.0,0.0,0.0,0.0,0.0,0.0,0.0,Medium Ships
3.0,32.0,60000.0,1.0,73.0,85.0,1.0,120.0,0.0,3.0,0.0,0.0,0.0,0.0,0.0,2.0,0.0,0.0,0.0,0.0,0.0,0.0,0.0,0.0,0.0,0.0,0.0,0.0,0.0,0.0,0.0,0.0,0.0,Shuttles
18.0,40.0,100000.0,2.0,65.0,112.0,0.0,200.0,0.0,0.0,0.0,0.0,3.0,0.0,0.0,8.0,0.0,0.0,0.0,0.0,0.0,0.0,0.0,0.0,0.0,0.0,0.0,0.0,0.0,0.0,0.0,0.0,0.0,Patrol Craft
7.0,11.4,80.0,-1.0,105.0,14.0,0.0,50.0,0.0,2.0,0.0,0.0,0.0,0.0,0.0,0.0,0.0,0.0,0.0,0.0,0.0,0.0,0.0,0.0,0.0,0.0,0.0,0.0,0.0,0.0,0.0,0.0,0.0,Other Starfighters
16.0,1137.0,1000000.0,1.0,9.0,1620.0,0.0,3300.0,1.0,52.0,0.0,0.0,0.0,0.0,0.0,0.0,6.0,0.0,0.0,0.0,0.0,0.0,0.0,0.0,0.0,0.0,90.0,0.0,0.0,0.0,0.0,0.0,4.0,Heavy Ships
18.0,6.6,100.0,2.0,115.0,20.0,1.0,40.0,0.0,2.0,0.0,0.0,0.0,0.0,0.0,0.0,0.0,0.0,2.0,1.0,0.0,0.0,0.0,0.0,0.0,0.0,0.0,0.0,0.0,0.0,0.0,0.0,0.0,TIE Fighters
29.0,43.0,900000.0,2.0,60.0,133.0,0.0,250.0,0.0,0.0,0.0,0.0,0.0,10.0,0.0,0.0,0.0,0.0,10.0,2.0,0.0,0.0,0.0,0.0,0.0,0.0,0.0,0.0,0.0,0.0,0.0,0.0,0.0,Transporters
28.0,29.0,500.0,3.0,67.0,72.0,0.0,140.0,0.0,0.0,0.0,1.0,0.0,0.0,0.0,4.0,1.0,0.0,0.0,0.0,0.0,0.0,0.0,0.0,0.0,0.0,0.0,0.0,0.0,0.0,0.0,0.0,0.0,Shuttles
3.0,4.0,100.0,-1.0,70.0,5.0,1.0,5.0,0.0,0.0,0.0,0.0,0.0,0.0,2.0,0.0,0.0,0.0,0.0,0.0,0.0,0.0,0.0,0.0,0.0,0.0,0.0,0.0,0.0,0.0,0.0,0.0,0.0,Other Starfighters
14.0,6.3,65.0,-1.0,100.0,9.0,0.0,-1.0,0.0,0.0,0.0,0.0,0.0,0.0,1.0,0.0,0.0,0.0,0.0,0.0,0.0,0.0,0.0,0.0,0.0,0.0,0.0,0.0,0.0,0.0,0.0,0.0,0.0,TIE Support Craft
18.0,7.8,15000.0,-1.0,80.0,28.0,0.0,-1.0,0.0,1.0,0.0,0.0,0.0,0.0,0.0,0.0,0.0,0.0,0.0,0.0,0.0,0.0,0.0,0.0,0.0,0.0,0.0,0.0,0.0,0.0,1.0,0.0,0.0,TIE Support Craft
7.0,28.0,30000.0,2.0,55.0,90.0,1.0,180.0,0.0,2.0,0.0,1.0,0.0,0.0,0.0,2.0,0.0,0.0,0.0,0.0,0.0,0.0,0.0,0.0,0.0,0.0,0.0,0.0,0.0,0.0,0.0,0.0,0.0,Landing Craft
8.0,15000.0,400000000.0,3.0,45.0,50283.0,1.0,96000.0,1.0,5000.0,0.0,0.0,0.0,0.0,0.0,0.0,100.0,500.0,75.0,0.0,5.0,1.0,0.0,0.0,0.0,0.0,0.0,0.0,0.0,0.0,0.0,0.0,0.0,Command Ships
18.0,6.3,45.0,-1.0,100.0,9.0,0.0,-1.0,0.0,2.0,0.0,0.0,0.0,0.0,0.0,0.0,0.0,0.0,0.0,0.0,0.0,0.0,0.0,0.0,0.0,0.0,0.0,0.0,0.0,0.0,0.0,0.0,0.0,TIE Fighters
19.0,7.65,25.0,1.5,92.0,18.0,0.0,20.0,0.0,24.0,0.0,0.0,0.0,0.0,0.0,0.0,0.0,0.0,0.0,0.0,0.0,0.0,0.0,0.0,0.0,0.0,0.0,0.0,0.0,0.0,0.0,0.0,0.0,Other Starfighters
18.0,6.3,65.0,-1.0,110.0,9.0,0.0,20.0,0.0,1.0,0.0,0.0,0.0,0.0,0.0,0.0,0.0,0.0,0.0,0.0,0.0,0.0,0.0,0.0,0.0,0.0,0.0,0.0,0.0,0.0,0.0,0.0,0.0,TIE Support Craft
24.0,17.0,50000.0,1.0,60.0,53.0,1.0,100.0,0.0,2.0,0.0,0.0,0.0,0.0,4.0,0.0,0.0,0.0,0.0,0.0,0.0,0.0,0.0,0.0,0.0,0.0,0.0,0.0,0.0,0.0,0.0,0.0,0.0,Shuttles
6.0,150.0,400000.0,0.55,83.0,162.0,0.0,600.0,1.0,12.0,0.0,0.0,0.0,0.0,0.0,0.0,0.0,0.0,0.0,0.0,0.0,0.0,0.0,0.0,0.0,0.0,0.0,0.0,0.0,3.0,0.0,0.0,0.0,Medium Ships
18.0,6.6,75.0,-1.0,111.0,16.0,0.0,-1.0,0.0,4.0,0.0,0.0,0.0,0.0,0.0,0.0,0.0,0.0,0.0,0.0,0.0,0.0,0.0,0.0,0.0,0.0,0.0,0.0,0.0,0.0,0.0,0.0,0.0,TIE Fighters
15.0,752.0,15000000.0,0.6,8.0,1240.0,1.0,2720.0,1.0,24.0,0.0,0.0,4.0,48.0,0.0,0.0,0.0,0.0,0.0,0.0,0.0,0.0,0.0,0.0,0.0,0.0,0.0,0.0,0.0,0.0,0.0,0.0,0.0,Heavy Ships
18.0,7.8,80.0,2.0,133.0,14.0,0.0,40.0,0.0,4.0,0.0,0.0,2.0,0.0,0.0,0.0,0.0,0.0,0.0,0.0,0.0,0.0,0.0,0.0,0.0,0.0,0.0,0.0,0.0,0.0,0.0,0.0,0.0,TIE Fighters
8.0,250.0,300000.0,2.0,17.0,304.0,0.0,576.0,0.0,80.0,0.0,0.0,0.0,0.0,0.0,0.0,0.0,0.0,0.0,0.0,0.0,0.0,0.0,0.0,0.0,0.0,0.0,0.0,0.0,0.0,0.0,0.0,0.0,Medium Ships
12.0,75.0,500000.0,1.0,78.0,114.0,0.0,200.0,0.0,0.0,0.0,0.0,0.0,12.0,0.0,0.0,0.0,0.0,0.0,0.0,0.0,0.0,0.0,0.0,0.0,0.0,0.0,0.0,0.0,0.0,0.0,0.0,0.0,Patrol Craft
18.0,6.3,45.0,-1.0,80.0,9.0,0.0,-1.0,0.0,1.0,0.0,0.0,0.0,0.0,0.0,0.0,0.0,0.0,0.0,0.0,0.0,0.0,0.0,0.0,0.0,0.0,0.0,0.0,0.0,0.0,0.0,0.0,0.0,TIE Support Craft
18.0,153.0,200000.0,-1.0,78.0,285.0,0.0,400.0,0.0,0.0,8.0,0.0,0.0,0.0,0.0,0.0,0.0,0.0,0.0,0.0,0.0,0.0,0.0,0.0,0.0,0.0,0.0,0.0,0.0,0.0,0.0,0.0,0.0,Medium Ships
18.0,24.0,150000.0,2.0,70.0,42.0,0.0,20.0,0.0,1.0,0.0,0.0,0.0,0.0,0.0,0.0,0.0,0.0,0.0,0.0,0.0,0.0,0.0,0.0,0.0,0.0,0.0,0.0,0.0,0.0,0.0,0.0,0.0,TIE Support Craft
20.0,6.3,65.0,-1.0,104.0,11.0,0.0,-1.0,0.0,0.0,1.0,0.0,0.0,0.0,0.0,0.0,0.0,0.0,0.0,0.0,0.0,0.0,0.0,0.0,0.0,0.0,0.0,0.0,0.0,0.0,0.0,0.0,0.0,TIE Experimental Craft
18.0,6.3,65.0,-1.0,95.0,9.0,0.0,-1.0,0.0,2.0,0.0,0.0,0.0,0.0,0.0,0.0,0.0,0.0,0.0,0.0,0.0,0.0,0.0,0.0,0.0,0.0,0.0,0.0,0.0,0.0,0.0,0.0,0.0,TIE Fighters
3.0,37.0,800000.0,2.0,63.0,205.0,0.0,60.0,0.0,0.0,0.0,0.0,0.0,0.0,0.0,0.0,0.0,0.0,0.0,0.0,0.0,0.0,0.0,0.0,0.0,0.0,0.0,0.0,0.0,0.0,0.0,0.0,0.0,Landing Craft
4.0,20.0,100000.0,2.0,67.0,25.0,1.0,100.0,0.0,2.0,0.0,0.0,0.0,0.0,0.0,0.0,0.0,0.0,0.0,0.0,0.0,0.0,0.0,0.0,0.0,0.0,0.0,0.0,0.0,0.0,0.0,0.0,0.0,Shuttles
4.0,20.0,50000.0,2.0,67.0,25.0,1.0,120.0,0.0,10.0,0.0,0.0,0.0,0.0,0.0,0.0,0.0,0.0,0.0,0.0,0.0,0.0,0.0,0.0,0.0,0.0,0.0,0.0,0.0,0.0,0.0,0.0,0.0,Shuttles
